FileIndex,Author
graph_notebooks_networks_author_qmd,Olivier Caron
graph_notebooks_networks_author_qmd,Christophe Benavent
graph_notebooks_General_Kùzu_Demo_ipynb,[Prashanth Rao](https://github.com/prrao87)
graph_notebooks_mesonetwork_qmd,"Léopold MAURICE, ENSAE"
graph_notebooks_KuzuGraphDemo_ipynb,[Prashanth Rao](https://github.com/prrao87)
graph_notebooks_Export_Query_Results_to_NetworkX_ipynb,Kuzu docs
graph_demo_old-kuzu-use_ipynb,Analect
graph_demo_kuzu-quarto-live_qmd,Analect
graph_demo_kuzu-use-repl_qmd,[Dylan Shang](https://github.com/DylanShang)
graph_demo_kuzu-use_qmd,Analect
