FileIndex,Category
graph_notebooks_General_Kùzu_Demo_ipynb,kuzu
graph_notebooks_General_Kùzu_Demo_ipynb,yfiles
graph_notebooks_mesonetwork_qmd,kuzu
graph_notebooks_mesonetwork_qmd,llamaindex
graph_notebooks_mesonetwork_qmd,pyvis
graph_notebooks_KuzuGraphDemo_ipynb,kuzu
graph_notebooks_KuzuGraphDemo_ipynb,llamaindex
graph_notebooks_KuzuGraphDemo_ipynb,pyvis
graph_notebooks_Export_Query_Results_to_NetworkX_ipynb,kuzu
graph_notebooks_Export_Query_Results_to_NetworkX_ipynb,networkx
graph_notebooks_Export_Query_Results_to_NetworkX_ipynb,yfiles
graph_demo_old-kuzu-use_ipynb,kuzu
graph_demo_old-kuzu-use_ipynb,pyvis
graph_demo_old-kuzu-use_ipynb,quarto
graph_demo_kuzu-quarto-live_qmd,kuzu
graph_demo_kuzu-quarto-live_qmd,pyvis
graph_demo_kuzu-quarto-live_qmd,quarto
graph_demo_kuzu-use-repl_qmd,kuzu
graph_demo_kuzu-use-repl_qmd,pyvis
graph_demo_kuzu-use-repl_qmd,quarto
graph_demo_kuzu-use_qmd,kuzu
graph_demo_kuzu-use_qmd,pyvis
graph_demo_kuzu-use_qmd,quarto
