FileIndex,LinkURL,LinkName
graph_notebooks_networks_author_qmd,https://github.com/oliviercaron/systematic_lit_review/blob/main/networks_author.qmd,Source quarto file
graph_notebooks_networks_author_qmd,https://oliviercaron.github.io/systematic_lit_review/networks_author.html#purpose,Rendered version
graph_notebooks_General_K첫zu_Demo_ipynb,https://docs.kuzudb.com/cypher/query-clauses/example-database/,Kuzu Example Database - User / City
graph_notebooks_General_K첫zu_Demo_ipynb,https://github.com/kuzudb/kuzu-docs/blob/main/src/content/docs/cypher/query-clauses/example-database.md,Source file
graph_notebooks_mesonetwork_qmd,https://leomaurice.github.io/CCNE/mesonetwork.html,Rendered version
graph_notebooks_mesonetwork_qmd,https://github.com/LeoMaurice/CCNE/blob/main/src/mesonetwork.qmd,Source code
graph_notebooks_KuzuGraphDemo_ipynb,https://docs.llamaindex.ai/en/stable/examples/index_structs/knowledge_graph/KuzuGraphDemo/?h=kuzu#visualizing-the-graph,K첫zu Graph Store - LlamaIndex docs
graph_notebooks_KuzuGraphDemo_ipynb,https://github.com/run-llama/llama_index/blob/main/docs/docs/examples/index_structs/knowledge_graph/KuzuGraphDemo.ipynb,Kuzu Graph Store - source code
graph_notebooks_Export_Query_Results_to_NetworkX_ipynb,https://docs.kuzudb.com/tutorials/#python,K첫zu Learning Resources
graph_notebooks_Export_Query_Results_to_NetworkX_ipynb,https://github.com/run-llama/llama_index/blob/main/docs/docs/examples/index_structs/knowledge_graph/KuzuGraphDemo.ipynb,Colab Notebook
graph_demo_old-kuzu-use_ipynb,https://github.com/analect/quarto-graph-experiments/main/docs/demo/kuzu-use.ipynb,Source file
graph_demo_kuzu-quarto-live_qmd,https://github.com/Analect/quarto-graph-experiments/blob/main/docs/demo/kuzu-quarto-live.qmd,Source file
graph_demo_kuzu-use-repl_qmd,https://github.com/DylanShang/kuzu-lab/blob/main/examples/Quarto/repl-example.qmd,Source file
graph_demo_kuzu-use_qmd,https://github.com/analect/quarto-graph-experiments/main/docs/demo/kuzu-use.qmd,Source file
